Measurement Name :,1372022_Montip_High_RUN3_SDR641,,Generated On :,"13/07/2022, 14:37:08",,,Calibration details for Oxygen,,,Report :,"@m01:IDENTIFICATION
Serial number     : SEBX0007000641      
MUX channel       : ON - 01

PARAMETERS
Sig LED current   : 045
Ref LED current   : 095
Frequency         : 060
Sending interval  : 0000
Pulse lenght      : 06
Red REF comp.     : ON
Temperature comp. : ON

FIRMWARE
ver.4.039.A3.ST   : 04/30/07, 09:14:36
@m01:RDY

",,Other Report :,"Start Temperature : 
End Temperature        : 
Start Humidity         : 
End Humidity           : 
Ref.phase Corre        : 1
Dig. Ampl.Factor       : 
Mod. Coarse Freq.      : 
Mod. Fine Freq.        : 
Mod. Shape             : 
Mono or Stero          : 
Phase Shift            : 
Sampling Rate          : 
Temp. Corr Slop Coef   : 
",,,,,,,,,,,,,,,,,
Start Date/Time:,"13/07/2022, 13:36:22",,,,,,Batch No.:  ,PSt5-1624-01_25°C,,,,,,,,,,,,,,,,,,,,,,,
End Date/Time:,"13/07/2022, 14:36:37",,,,,,O2_cal0 [°],54.76,,Adjustment at ,100, % air saturation,,,,,,,,,,,,,,,,,,,
User Comment :,0,,Meas. Created By :,admin,,,O2_cal2nd [°],47.47,,Adjustment at ,28, °C,,,,,,,,,,,,,,,,,,,
SDR Serial No. :,S-641,,,,,,O2_T0 [°C],24.8,,Adjustment at ,965, mbar,,,,,,,,,,,,,,,,,,,
Parameter :,Oxygen [[%] Air Saturation],,,,,,O2_T2nd [°C],24.8,,,,,,,,,,,,,,,,,,,,,,,
,,,,,,,O2_patm [mbar],965,,,,,,,,,,,,,,,,,,,,,,,
,,,,,,,O2_2nd [% a.s.],100,,,,,,,,,,,,,,,,,,,,,,,
,,,,,,,,,,,,,,,,,,,,,,,,,,,,,,,
,,,,,,,,,,,,,,,,,,,,,,,,,,,,,,,
OPA Phase values  ,,45.93,45.48,46.09,45.54,45.75,45.39,46.36,45.7,47.22,45.78,45.44,45.63,45.08,46.93,44.78,46.02,45.39,46.11,46.18,45.41,45.71,45.56,45.38,44.83,,,,,,
,,,,,,,,,,,,,,,,,,,,,,,,,,,,,,,
Date/Time,Time/Min.,A1,B1,C1,D1,A2,B2,C2,D2,A3,B3,C3,D3,A4,B4,C4,D4,A5,B5,C5,D5,A6,B6,C6,D6,,Tm [°C],p [mbar],Salinity [g/1000g],T_internal [°C],Error
13.07.22 13:36:24,0.03,102.17,101.72,110.12,102,110.27,75.15,101.35,105.19,127.49,101.05,87.99,107.24,103.4,127.5,80.92,107.46,94.99,93.49,116,100.65,111.8,99.03,99.06,83.8,,30.5,965,37,28.89,965D6-(E1);
13.07.22 13:36:39,0.28,101.61,84.13,108.23,93.07,95.61,93.17,121.02,90.71,114.69,83.81,65.96,99.15,89.98,119.27,98.15,70.73,84.38,85.97,121.91,98.13,91.1,102,106.97,94.26,,30.5,965,37,28.86,965D6-(E1);
13.07.22 13:36:54,0.53,113.32,105.11,108.95,112.06,96.01,91.75,112.46,112.22,125.1,99.68,70.46,121.93,96.28,121.23,133.64,126.01,109.72,102.48,118.26,120.84,104.77,95.96,104.94,103.23,,30.5,965,37,28.9,965D6-(E1);
13.07.22 13:37:09,0.78,114.19,89.74,103.76,87.88,104.09,84.26,106.78,103.53,99.65,100.09,69.15,112.43,91.73,129.84,92.93,117.41,93.82,103.34,136.97,120.84,99.01,86.57,104.94,96.5,,30.5,965,37,28.93,965D6-(E1);
13.07.22 13:37:24,1.03,84.63,74.22,77.51,79.02,79.62,74.54,97.73,84.19,88.59,80.21,53.45,88.68,73.22,103.54,84.35,88.25,81.52,63.64,89.56,89.17,89.25,67.97,79.19,80.73,,30.5,965,37,28.97,965D6-(E1);
13.07.22 13:37:39,1.28,77.98,90.64,80.4,87.62,94.13,87.79,105.16,96.44,109.44,94.11,63.27,102.28,81.89,128.33,93.91,104.6,86.4,104.2,115.1,104.54,99.01,102.27,89.2,87.89,,30.5,965,37,29.01,965D6-(E1);
13.07.22 13:37:54,1.53,116.24,87.56,85.46,97.83,83.86,86.52,96.16,90.18,89.2,87.2,45.94,97.14,103.53,117.65,89.27,103.74,90.34,81.02,109.46,104.27,87.03,92.66,86.66,82.62,,30.5,965,37,29.07,965D6-(E1);
13.07.22 13:38:09,1.78,73.13,65.13,88.71,74.45,76.84,81.89,107.82,74.32,72.71,85.37,61.87,75.72,84.68,106.82,67.8,92.04,86.77,69.19,91.77,63.25,81.1,91.09,85.4,83.92,,30.5,965,37,29.11,965D6-(E1);
13.07.22 13:38:24,2.03,85.69,86.03,81.99,79.14,87.37,66.22,88.95,88.21,82.36,68.06,54.12,102.01,69.97,99.84,78.82,104.31,77.21,88.68,104.94,86.88,88.07,82.24,75.53,80.02,,30.5,965,37,29.15,965D6-(E1);
13.07.22 13:38:39,2.28,103.72,85.01,104.62,102,98.73,82.76,99.03,106.44,107.17,97.9,55.47,101.05,85.66,108.39,124.02,80.27,98.4,93.07,108.29,104.54,116.67,95.3,78.09,93.39,,30.5,965,37,29.22,965D6-(E1);
13.07.22 13:38:54,2.53,100.36,86.67,102.19,110.38,96.01,102.25,134.97,106.44,130.59,80.33,64.78,91.95,94,106.66,113.01,118,104,93.21,136.65,104.54,96.97,107.48,98.8,114.53,,30.5,965,37,29.28,965D6-(E1);
13.07.22 13:39:09,2.78,106.27,83.75,105.63,109.69,93.33,90.21,115.49,107.28,113.7,105.78,57.4,106.96,89.61,119.11,85.06,106.88,89.57,86.24,116,110.01,98.33,89.66,106.29,87.16,,30.5,965,37,29.32,965D6-(E1);
13.07.22 13:39:24,3.03,132.26,111.17,97.95,92.55,111.27,96.69,128.4,99.82,83.27,123.69,90.04,82.38,105.37,104.94,84.94,101.2,90.85,108.68,133.29,110.83,130.61,100.24,105.48,124.67,,30.5,965,37,29.38,965D6-(E1);
13.07.22 13:39:39,3.28,105.27,89.35,96.42,104.58,102.02,89.31,102.37,84.58,112.06,96,67.13,110.31,82.73,113.63,102.71,96.17,88.04,89.5,127.94,91.61,90.7,86.18,92.66,98.64,,30.5,965,37,29.43,965D6-(E1);
13.07.22 13:39:54,3.53,142.53,117.08,142.8,123.09,119.06,134.15,121.18,122.06,115.85,111.29,84.94,121.06,116.02,140.58,120.85,159.66,115.27,94.46,114.95,107.94,105.19,115.34,112.61,117.77,,30.5,965,37,29.47,965D6-(E1);
13.07.22 13:40:09,3.78,103.44,86.67,92.67,97.83,103.26,101.45,96.44,99.96,104.43,84.33,56.72,82.51,90.11,112.67,79.99,87.04,84.26,87.19,118.41,93.42,101.33,92.27,92.27,93.64,,30.5,965,37,29.53,965D6-(E1);
13.07.22 13:40:24,4.03,90.23,121.96,91.3,75.18,89.21,71.54,93.59,102.29,98.86,76.14,48.78,100.64,87.38,118.3,82.92,101.48,93.56,67.67,100.77,109.59,73.3,92.53,101.18,73.08,,30.5,965,37,29.58,965D6-(E1);
13.07.22 13:40:39,4.28,117.87,101.99,83.59,106.09,114.27,96.03,104.57,104.63,105.88,94.51,78.59,111.72,84.07,103.7,103.99,101.76,101.45,93.07,122.83,106.58,97.92,94.11,92.92,88.98,,30.5,965,37,29.63,965D6-(E1);
13.07.22 13:40:54,4.53,96.07,96.79,84.66,91.89,93.46,91.36,117.48,99.69,117.18,70.4,60.61,96.33,104.19,96.79,75.71,102.89,93.3,75.11,86.69,111.39,91.1,117.05,96.04,107.9,,30.5,965,37,29.68,965D6-(E1);
13.07.22 13:41:09,4.78,78.37,79.87,87.22,99.7,107.45,86.65,104.42,91.24,92.44,73.13,58.08,118.73,74.86,94.82,59.6,88.52,71.9,96.97,93.02,98.39,87.55,102.54,95.25,85.96,,30.5,965,37,29.74,965D6-(E1);
13.07.22 13:41:24,5.03,114.92,87.81,100.49,89.68,90.8,76.73,103.83,106.16,126.12,87.07,71.66,108.21,92.86,96.63,120.03,126.32,99.06,106.5,103.93,120.12,94.55,97.83,103.86,102.71,,30.5,965,37,29.79,965D6-(E1);
13.07.22 13:41:39,5.28,94.29,97.05,102.76,110.8,97.37,99.32,131.43,110.94,102.19,77.28,74.07,107.66,105.77,113.79,110.76,117.86,112.76,121.77,135.85,99.72,117.69,109.7,101.45,111.99,,30.5,965,37,29.83,965D6-(E1);
13.07.22 13:41:54,5.53,88.75,88.84,84.12,81.39,83.73,70.83,91.47,99.69,75.65,76.9,67.37,96.87,90.48,98.46,88.54,87.3,74.18,86.92,129.03,76.08,85.47,82.62,89.45,82.97,,30.5,965,37,29.9,965D6-(E1);
13.07.22 13:42:09,5.78,109.7,101.59,108.23,107.61,105.76,86.14,119.17,103.53,108.31,96.27,61.87,88.55,104.32,106.04,86.61,111.52,103.46,83.55,108.58,115.02,94.42,128.89,88.43,99.02,,30.5,965,37,29.94,965D6-(E1);
13.07.22 13:42:24,6.03,125.05,101.19,81.19,102.81,106.46,61.35,100.33,111.36,131.97,96.14,87.6,106.13,94,129.51,96.64,123.42,92.91,108.24,125.76,125.9,92.82,95.83,103.32,102.97,,30.5,965,37,30,965D6-(E1);
13.07.22 13:42:39,6.28,97.58,91.68,100.49,98.5,93.59,78.68,95.44,103.25,102.67,90.77,55.25,99.29,105.11,119.27,100.92,102.47,97.34,100.91,109.46,92.38,89.65,88.37,92.27,88.61,,30.5,965,37,30.04,965D6-(E1);
13.07.22 13:42:54,6.53,83.84,71.92,75.55,69.83,81.41,65.05,87.97,84.19,79.81,76.52,39.06,70.31,71.13,92.86,94.78,83.17,72.5,87.6,108.29,76.56,77.55,63.11,63.11,77.57,,30.5,965,37,30.08,965D6-(E1);
13.07.22 13:43:09,6.78,82.01,76.78,93.92,87.62,86.07,79.54,88.81,99.42,75.65,77.78,66.43,87.38,92.11,117.32,81.39,90.41,74.3,73.17,56.92,85.87,88.33,68.45,81.53,83.09,,30.5,965,37,30.15,965D6-(E1);
13.07.22 13:43:24,7.03,101.89,86.03,118.56,98.1,96.55,101.18,114.28,105.19,123.91,91.7,82.43,124.29,82.98,137.99,90.48,121.3,106.03,95.99,121.76,112.22,123.26,99.17,109.3,111.59,,30.5,965,37,30.18,965D6-(E1);
13.07.22 13:43:39,7.28,99.8,86.16,98.8,106.78,134.54,109.85,117.63,127.11,126.63,88.65,71.18,113.85,109.64,122.87,109.44,110.5,110.96,107.37,120.84,121.55,89.25,96.09,101.45,98.26,,30.5,965,37,30.22,965D6-(E1);
13.07.22 13:43:54,7.53,112.88,94.81,100.63,95.57,107.59,109.03,109.61,98.33,109.28,85.76,66.66,113.99,87.13,120.08,96.77,108.61,88.17,99.92,97.22,108.08,88.6,110.54,99.99,101.31,,30.5,965,37,30.26,965D6-(E1);
13.07.22 13:44:09,7.78,82.01,71.92,95.72,82.4,83.99,74.18,98.31,88.61,95.87,79.44,58.54,87,82.01,81.34,62.09,104.6,74.91,86.38,105.37,63.36,81.74,98.76,76.14,76.76,,30.5,965,37,30.32,965D6-(E1);
13.07.22 13:44:24,8.03,77.6,99.58,96.42,88.65,104.79,76.6,106.19,135.78,115.85,91.3,78.83,127.26,92.86,128,69.7,105.74,95.51,90.6,107.56,116,103.53,123.56,92.79,85.24,,30.5,965,37,30.33,965D6-(E1);
13.07.22 13:44:39,8.28,145.76,117.37,104.62,111.08,94.8,109.72,121.8,122.21,124.08,104.52,94.05,126.81,108.7,136.62,90.85,119.8,103.59,123.15,136.17,110.01,100.78,107.89,111.5,112.12,,30.5,965,37,30.38,965D6-(E1);
13.07.22 13:44:54,8.53,122.34,99.71,98.1,111.78,103.12,87.91,156.08,107.42,109.28,73.13,57.29,93.94,91.48,115.71,89.02,108.9,100.78,80.76,118.71,91.61,100.78,123.56,98.4,93.27,,30.5,965,37,30.41,965D6-(E1);
13.07.22 13:45:09,8.78,101.61,91.03,85.06,97.3,126.17,95.51,103.83,104.77,98.23,73.75,59.23,112.29,96.28,114.27,90.48,107.17,93.04,84.09,122.37,101.05,93.89,97.69,84.4,93.14,,30.5,965,37,30.46,965D6-(E1);
13.07.22 13:45:24,9.03,120.09,100.25,122.95,88.52,122,113.18,121.33,110.8,125.95,95.46,80.56,141.79,127.83,148.82,117.44,139.16,103.59,126.37,96.1,108.63,114.37,123.56,102.12,111.19,,30.5,965,37,30.47,965D6-(E1);
13.07.22 13:45:39,9.28,99.94,94.81,88.71,105.68,98.73,87.03,109.91,120.01,104.91,82.13,48.23,80.98,91.61,130.85,106.05,106.02,90.98,102.76,102.2,109.45,91.1,96.23,98.01,101.43,,30.5,965,37,30.51,965D6-(E1);
13.07.22 13:45:54,9.53,110.42,93.76,101.91,118.45,110.41,99.72,126.03,119.86,120.53,111.15,77.11,119.02,94.12,118.46,117.03,114.3,101.85,124.83,127.94,109.32,106.3,119.64,104.13,106.59,,30.5,965,37,30.54,965D6-(E1);
13.07.22 13:46:09,9.78,119.94,114.67,108.66,109.55,122.59,98.4,153.15,118.55,143.62,104.8,75.28,121.06,111.39,138.85,102.2,105.17,105.08,107.37,131.55,119.26,115.52,111.1,107.79,106.85,,30.5,965,37,30.58,965D6-(E1);
13.07.22 13:46:24,10.03,116.1,96.13,105.05,92.81,102.98,117.81,132.71,102.15,121.71,112.72,78.34,106.27,104.32,127.83,103.09,118.6,102.25,105.92,126.07,109.04,87.42,102.68,98.8,106.72,,30.5,965,37,30.61,965D6-(E1);
13.07.22 13:46:39,10.28,121.89,97.32,110.12,130.63,113.12,104.4,124.92,109.1,126.63,93.98,71.42,111.58,99.11,125.01,109.97,114.6,107.66,119.35,133.29,104.81,116.39,109.14,105.21,109.08,,30.5,965,37,30.64,965D6-(E1);
13.07.22 13:46:54,10.53,118.31,93.37,115.87,110.38,101.33,92.39,117.79,108.54,107.17,96.54,54.46,105.58,68.14,131.02,88.3,105.74,88.55,102.62,103.35,106.03,109.39,110.4,100.39,101.69,,30.5,965,37,30.65,965D6-(E1);
13.07.22 13:47:09,10.78,87.55,99.44,92.4,94.78,98.73,97.87,109.76,97.11,100.92,98.72,61.99,104.06,95.27,120.57,96.89,91.63,86.02,100.49,112.71,97.21,95.76,87.47,86.28,90.81,,30.5,965,37,30.68,965D6-(E1);
13.07.22 13:47:24,11.03,89.56,76.54,92.4,88.91,96.96,76.73,94.73,82.14,112.55,72.5,45.5,82.63,94.12,91.81,81.39,103.46,81.52,59.92,101.06,93.29,92.55,80.98,83.4,73.88,,30.5,965,37,30.69,965D6-(E1);
13.07.22 13:47:39,11.28,97.45,107.99,87.89,97.16,108.43,88.3,113.52,129.82,116.19,88.39,61.87,133.74,99.24,137.65,99.66,100.49,100.25,86.78,126.07,111.53,104.77,115.05,86.16,91.91,,30.5,965,37,30.72,965D6-(E1);
13.07.22 13:47:54,11.53,88.75,83.88,88.16,91.5,76.21,71.18,105.75,92.69,77.43,71.63,53.79,110.17,79.72,96.94,98.65,97.42,72.86,65.52,92.88,110.56,107.14,83.76,81.53,87.76,,30.5,965,37,30.75,965D6-(E1);
13.07.22 13:48:09,11.78,111.14,85.78,89.8,94.91,94.93,84.13,95.3,97.79,105.4,84.72,49.89,98.21,80.2,111.39,82.22,96.03,83.76,81.82,109.31,90.7,106.3,90.31,73.6,106.98,,30.5,965,37,30.76,965D6-(E1);
13.07.22 13:48:24,12.03,127.49,106.47,103.9,112.2,115.14,113.18,136.44,119.27,137.4,97.36,89.78,127.55,111.79,134.06,112.08,134.08,120.95,102.91,136.81,120.98,128.04,129.04,112.89,119.14,,30.5,965,37,30.79,965D6-(E1);
13.07.22 13:48:39,12.28,106.84,79.38,84.39,99.7,94.67,92.14,96.3,110.37,90.13,78.42,53.67,107.1,80.92,112.51,80.92,103.74,98,98.79,128.88,111.53,88.33,105.55,79.68,99.65,,30.5,965,37,30.82,965D6-(E1);
13.07.22 13:48:54,12.53,83.84,75.8,76.98,83.41,93.06,80.16,95.3,79.46,97.28,77.02,45.39,98.48,59.26,72.75,73.99,100.21,75.15,70.22,89.84,68.28,58.81,86.31,74.69,78.04,,30.5,965,37,30.83,965D6-(E1);
13.07.22 13:49:09,12.78,111.43,92.33,93.23,101.86,80.26,87.41,113.52,105.6,93.07,68.67,55.7,110.17,78.89,118.13,102.96,105.88,87.15,60.54,117.35,117.27,100.51,99.57,81.29,105.29,,30.5,965,37,30.83,965D6-(E1);
13.07.22 13:49:24,13.03,89.82,91.03,56.08,82.02,89.74,66.46,96.59,93.36,85.39,74.13,56.83,117.43,74.63,105.72,46.63,128.78,97.74,78.91,101.77,106.03,82.25,89.02,91.24,112.25,,30.5,965,37,30.86,965D6-(E1);
13.07.22 13:49:39,13.28,114.63,100.92,93.23,94.91,106.6,104.81,116.25,112.22,117.02,85.11,56.83,98.08,101.05,131.19,133.93,111.08,96.56,91.97,108,92.12,103.94,87.72,80.91,98.51,,30.5,965,37,30.88,965D6-(E1);
13.07.22 13:49:54,13.53,147.38,126.19,116.77,110.66,137.49,95.38,133.2,129.82,128.52,108.31,72.5,125.77,133.5,173.63,117.71,128.01,123.83,116.95,142.98,119.83,117.98,124.44,108.34,124.25,,30.5,965,37,30.9,965D6-(E1);
13.07.22 13:50:09,13.78,81.74,88.58,84.93,97.16,93.46,97.87,125.87,106.02,94.15,78.04,72.62,88.94,83.58,116.52,101.18,104.03,87.66,70.34,116.75,83.85,105.61,99.3,86.79,85.96,,30.5,965,37,30.9,965D6-(E1);
13.07.22 13:50:24,14.03,105.98,102.53,94.33,95.7,93.59,102.65,114.73,107.98,91.36,78.17,49.78,108.77,77.1,103.08,83.4,98.53,85.01,76.03,105.96,88.27,101.05,93.32,86.28,96.63,,30.5,965,37,30.91,965D6-(E1);
13.07.22 13:50:39,14.28,84.76,87.43,91.85,106.78,115.28,96.56,141.03,104.63,107.01,85.37,55.81,101.87,97.44,117.81,91.33,124.94,95.51,95.85,80.89,105.9,111.37,97.56,94.99,96.13,,30.5,965,37,30.93,965D6-(E1);
13.07.22 13:50:54,14.53,116.54,86.92,86,114.18,106.74,94.34,111.71,111.22,98.39,77.66,70.34,89.46,97.82,134.23,92.68,118.75,87.41,88.41,90.94,114.88,105.33,97.16,86.53,102.07,,30.5,965,37,30.94,965D6-(E1);
13.07.22 13:51:09,14.78,108.41,85.27,82.25,89.04,85.15,73.46,94.44,75.94,90.59,71.14,50.11,107.8,102.22,123.36,84.35,102.32,81.02,82.49,98.21,82.73,101.46,75.38,83.15,95,,30.5,965,37,30.97,965D6-(E1);
13.07.22 13:51:24,15.03,135.38,96.92,108.08,126.02,133,111.1,142.02,125.77,125.78,100.92,89.14,125.62,124.41,150.42,105.92,131.73,117.81,101.77,111.97,131.81,132.74,120.21,100.65,124.11,,30.5,965,37,30.97,965D6-(E1);
13.07.22 13:51:39,15.28,117.87,112.01,116.02,120.04,119.06,106.16,125.08,144.24,132.49,94.92,79.82,116.14,110.71,157.44,122.64,127.39,118.38,111.16,138.1,130.32,108.55,117.19,110.12,110.66,,30.5,965,37,30.99,965D6-(E1);
13.07.22 13:51:54,15.53,90.36,85.01,101.34,107.74,97.64,124.55,110.21,119.27,111.24,91.17,67.72,103.24,104.98,113.79,87.33,123.42,84.88,98.93,123.29,99.72,96.84,98.09,88.94,100.41,,30.5,965,37,30.99,965D6-(E1);
13.07.22 13:52:09,15.78,117.13,101.19,103.05,77.9,99.14,82.39,107.08,104.36,103.31,100.5,58.08,105.99,103.66,126.67,108.26,115.19,112.48,82.75,119.77,109.59,91.89,108.87,100.39,101.43,,30.5,965,37,31,965D6-(E1);
13.07.22 13:52:24,16.03,124.14,101.59,107.21,119.03,116.44,103.86,115.34,112.22,119.52,80.72,72.14,136.96,95.52,134.91,114.21,126.93,103.46,97.25,141.67,103.33,112.08,97.56,92.14,105.29,,30.5,965,37,31.01,965D6-(E1);
13.07.22 13:52:39,16.28,96.48,90.9,109.83,106.92,113.41,96.95,116.25,107.14,123.74,103.27,73.1,106.41,118.79,144.41,93.05,121.15,102.39,100.06,136.81,120.98,111.66,129.04,101.45,113.72,,30.5,965,37,31.04,965D6-(E1);
13.07.22 13:52:54,16.53,86.09,85.01,86.94,111.5,71.34,77.58,96.59,91.77,89.51,73.63,38.1,131.92,85.9,110.28,72.4,97.7,84.26,71.37,128.09,108.9,90.7,82.49,90.73,87.64,,30.5,965,37,31.04,965D6-(E1);
13.07.22 13:53:09,16.78,129.79,101.19,100.07,133.95,134.23,121.81,132.55,141.4,135.99,94.25,62.11,134.97,113.56,141.1,98.02,105.02,110.13,100.91,151.95,107.81,112.37,113.63,110.81,93.64,,30.5,965,37,31.04,965D6-(E1);
13.07.22 13:53:24,17.03,118.61,83.75,130.2,123.38,121.86,115.56,125.24,113.93,129.38,79.18,60.49,131.01,94.5,135.59,61.11,112.83,98.53,110.14,125.3,118.84,116.39,94.77,95.91,104.39,,30.5,965,37,31.05,965D6-(E1);
13.07.22 13:53:39,17.28,102.73,81.99,109.24,117.31,97.37,92.91,109.91,90.84,92.44,84.2,58.2,113.85,94.12,112.67,98.27,116.07,98.27,90.87,111.82,106.17,104.22,98.63,85.65,96,,30.5,965,37,31.08,965D6-(E1);
13.07.22 13:53:54,17.53,120.54,94.81,90.2,112.77,98.45,100.38,118.71,97.79,109.77,88.78,56.49,105.16,88.24,139.89,113.81,94.24,102.52,68.94,123.6,131.06,89.51,113.49,80.3,111.46,,30.5,965,37,31.1,965D6-(E1);
13.07.22 13:54:09,17.78,119.5,96.79,94.05,95.31,101.74,101.72,107.52,114.64,114.36,89.84,60.61,120.18,85.53,120.25,100.29,114.15,114.71,87.87,140.2,122.27,84.56,101.73,92.4,112.92,,30.5,965,37,31.11,965D6-(E1);
13.07.22 13:54:24,18.03,109.84,80.25,89.93,90.33,115.14,78.44,107.67,99.55,107.33,69.9,47.9,100.24,78.89,102,92.81,98.53,94.21,75.9,132.5,93.81,86.12,94.77,80.17,104.26,,30.5,965,37,31.13,965D6-(E1);
13.07.22 13:54:39,18.28,94.15,97.71,100.63,101.73,110.98,106.57,113.67,112.07,128.35,95.05,61.53,107.8,111.66,112.35,96.89,118.9,108.62,88.68,136.97,103.73,122.37,101.32,102.12,102.71,,30.5,965,37,31.15,965D6-(E1);
13.07.22 13:54:54,18.53,78.37,75.68,70.02,89.42,80.26,87.28,104.57,116.66,100.76,72.5,69.03,91.82,85.78,112.19,83.99,94.24,85.76,86.78,80.76,93.29,93.62,110.54,76.26,97.63,,30.5,965,37,31.16,965D6-(E1);
13.07.22 13:55:09,18.78,115.07,112.57,87.22,117.16,108.29,114.71,136.27,121.62,104.27,79.69,53.22,113.85,97.56,111.71,104.76,131.58,107.39,109.55,120.69,108.63,97.11,108.45,93.95,105.81,,30.5,965,37,31.19,965D6-(E1);
13.07.22 13:55:24,19.03,97.58,81.62,91.3,97.16,91.73,77.7,101.79,93.36,96.03,73,48.78,95.53,113.29,122.21,78.59,95.2,88.68,79.83,112.12,97.34,105.19,123.42,92.27,103.1,,30.5,965,37,31.21,965D6-(E1);
13.07.22 13:55:39,19.28,123.24,99.04,86.67,106.64,105.21,101.32,128.56,108.96,117.02,80.72,59,122.23,125.26,145.99,99.28,115.33,122.24,83.55,111.53,113.06,125.34,109.84,91.76,101.82,,30.5,965,37,31.22,965D6-(E1);
13.07.22 13:55:54,19.53,115.07,89.48,101.91,102.54,100.78,103.59,114.58,104.49,97.13,85.5,53.9,133.13,109.5,112.67,82.33,126.93,109.72,95.57,99.63,103.6,93.75,109.28,80.17,87.16,,30.5,965,37,31.26,965D6-(E1);
13.07.22 13:56:09,19.78,122.19,89.48,102.33,95.44,93.86,97.61,110.66,105.33,94.78,90.9,59.69,95.26,90.73,100.61,87.82,105.88,103.19,90.6,102.78,113.76,107.42,114.77,79.8,98.01,,30.5,965,37,31.26,965D6-(E1);
13.07.22 13:56:24,20.03,112.01,86.79,87.08,83.41,90.8,114.29,114.73,100.51,91.98,74.88,55.81,118.3,99.75,123.03,99.4,112.69,89.83,78.78,109.31,100.92,107,97.03,74.57,90.32,,30.5,965,37,31.29,965D6-(E1);
13.07.22 13:56:39,20.28,115.51,81.37,87.62,92.42,98.05,94.6,88.95,99.42,106.2,77.66,43.87,87.9,89.86,125.51,75.48,111.37,101.85,88.96,125.76,107.94,87.55,97.69,71.21,86.92,,30.5,965,37,31.32,965D6-(E1);
13.07.22 13:56:54,20.53,121.44,93.63,115.57,128.69,124.38,101.45,114.73,127.41,110.91,79.06,49.67,115.13,108.56,144.94,99.66,128.01,106.43,83.69,107.41,117.84,113.37,108.87,95.91,86.2,,30.5,965,37,31.33,965D6-(E1);
13.07.22 13:57:09,20.78,93.61,89.74,80,92.94,97.23,96.29,108.12,109.95,103.47,87.6,45.17,109.47,91.86,91.96,97.14,97.28,92.14,78.12,111.82,85.36,106.03,91.62,86.66,105.42,,30.5,965,37,31.36,965D6-(E1);
13.07.22 13:57:24,21.03,100.77,93.89,108.66,123.67,122.74,114.71,130.95,117.53,123.74,90.9,65.02,112.15,103.79,139.89,102.32,138.84,99.06,100.06,111.53,113.48,101.88,101.32,88.56,108.03,,30.5,965,37,31.38,965D6-(E1);
13.07.22 13:57:39,21.28,118.9,106.2,107.79,112.63,121.71,104.67,127.61,128.77,109.93,86.42,64.67,139.76,97.56,135.59,93.17,113.42,109.03,100.49,133.77,124.16,90.83,121.23,93.69,111.32,,30.5,965,37,31.4,965D6-(E1);
13.07.22 13:57:54,21.53,117.13,90.77,107.94,108.85,97.37,107.11,115.04,113.64,99.65,96.27,63.73,121.93,91.35,125.51,89.14,121.6,108.07,100.06,120.23,106.17,99.28,102.54,90.22,108.95,,30.5,965,37,31.43,965D6-(E1);
13.07.22 13:58:09,21.78,93.2,96.39,85.33,82.65,107.3,108.34,114.12,102.97,117.85,89.71,44.2,112.86,93.11,121.06,83.87,90.14,102.65,84.9,133.13,102.25,97.11,100.92,83.15,98.14,,30.5,965,37,31.46,965D6-(E1);
13.07.22 13:58:24,22.03,138.06,114.67,123.41,109.55,143.63,109.44,142.19,135.01,112.22,103.13,72.86,136.66,132.18,127.83,131.49,115.19,126.15,124.22,146.44,122.27,116.24,133.86,117.8,132.46,,30.5,965,37,31.49,965D6-(E1);
13.07.22 13:58:39,22.28,117.57,86.03,90.48,107.47,101.05,87.91,120.41,130.73,121.2,91.3,56.04,115.13,99.88,126.67,109.84,113.42,119.8,86.38,125.45,117.7,100.51,101.19,80.91,108.68,,30.5,965,37,31.51,965D6-(E1);
13.07.22 13:58:54,22.53,126.42,110.34,114.24,121.63,128.13,119.52,113.06,112.64,114.86,89.71,68.08,135.27,113.7,134.4,116.9,130.95,110.68,102.91,105.96,116.85,115.38,101.32,95.91,107.5,,30.5,965,37,31.54,965D6-(E1);
13.07.22 13:59:09,22.78,110.13,91.29,96.56,116.02,103.26,99.46,123.67,100.37,120.19,83.55,63.38,111.3,113.97,96.03,93.17,113.71,87.15,83.42,128.25,129.87,109.25,103.36,92.92,104.9,,30.5,965,37,31.57,965D6-(E1);
13.07.22 13:59:24,23.03,135.07,103.21,110.27,118.45,114.27,100.78,123.83,110.65,113.05,87.07,65.02,104.75,104.32,136.45,91.82,125.09,85.26,88.68,110.34,116.71,123.85,105.55,84.27,99.4,,30.5,965,37,31.58,965D6-(E1);
13.07.22 13:59:39,23.28,108.26,103.07,107.07,126.32,112.12,111.65,121.8,102.7,128.86,112.01,63.85,102.01,93.49,145.64,122.64,114.15,110.4,105.49,147.1,101.05,124.6,113.92,94.6,99.53,,30.5,965,37,31.6,965D6-(E1);
13.07.22 13:59:54,23.53,143.81,88.07,96.42,110.8,106.18,115.7,116.56,105.46,113.05,89.71,55.81,125.17,100.66,151.31,111.15,102.61,103.46,101.2,113.01,101.05,104.91,111.24,92.01,108.16,,30.5,965,37,31.63,965D6-(E1);
13.07.22 14:00:09,23.78,105.56,95.47,102.33,97.03,98.18,100.52,136.44,93.76,104.91,91.7,63.38,97.14,88.86,114.27,99.28,118.75,98.27,85.3,137.29,103.73,120.31,106.93,95.12,111.59,,30.5,965,37,31.65,965D6-(E1);
13.07.22 14:00:24,24.03,129.17,96.92,108.37,107.19,117.31,118.52,142.69,118.11,139.52,105.78,71.78,102.41,122.57,133.04,146.49,128.32,126.01,118.6,113.45,128.4,118.42,120.21,98.4,122.44,,30.5,965,37,31.65,965D6-(E1);
13.07.22 14:00:39,24.28,111.43,99.31,104.91,92.94,118.33,94.73,108.12,106.72,104.27,80.85,68.32,95.66,78.41,124.51,79.75,143.83,101.72,94.74,122.22,106.17,104.64,106.65,100.25,107.37,,30.5,965,37,31.68,965D6-(E1);
13.07.22 14:00:54,24.53,128.41,121.53,107.94,143.05,123.19,127.62,153.67,126.21,115.36,90.64,88.37,149.09,124.83,132.03,120.3,156.6,139.46,119.2,150.78,131.96,122.08,115.62,120.36,138.43,,30.5,965,37,31.71,965D6-(E1);
13.07.22 14:01:09,24.78,99.52,94.94,103.76,99.44,97.91,105.08,119.02,108.68,100.44,58.42,63.15,99.02,104.58,117.65,97.39,116.67,91.88,85.16,122.68,107.12,100.78,111.66,79.19,102.71,,30.5,965,37,31.72,965D6-(E1);
13.07.22 14:01:24,25.03,115.22,115.1,120.22,125.58,125.27,110.82,134.16,143.61,125.27,98.04,67.49,110.6,104.19,139.89,107.35,132.67,110.13,97.67,130.45,129.43,97.24,110.82,94.21,113.59,,30.5,965,37,31.72,965D6-(E1);
13.07.22 14:01:39,25.28,104.99,91.68,90.75,106.5,96.01,112.48,112.31,101.46,111.24,83.55,62.22,111.72,81.65,141.79,83.4,104.17,85.76,72.78,103.64,119.98,99.82,98.23,79.19,92.16,,30.5,965,37,31.75,965D6-(E1);
13.07.22 14:01:54,25.53,101.47,93.63,73.61,90.72,107.87,89.19,111.41,101.19,107.33,74.63,54.35,96.2,79.72,133.72,75.82,110.21,99.59,84.36,119.32,102.93,86.38,94.11,73.24,95.38,,30.5,965,37,31.76,965D6-(E1);
13.07.22 14:02:09,25.78,121.29,90.77,90.48,91.76,97.09,98.66,126.18,97.79,96.19,79.82,48.45,115.71,96.28,112.35,89.75,111.08,90.59,90.32,114.95,93.42,104.5,106.1,79.31,98.14,,30.5,965,37,31.78,965D6-(E1);
13.07.22 14:02:24,26.03,111.58,101.99,113.5,106.78,105.07,104.13,117.63,120.15,131.97,87.47,72.62,124.29,112.47,147.22,103.47,143.02,109.3,108.53,132.18,127.07,122.52,109.56,91.11,115.34,,30.5,965,37,31.79,965D6-(E1);
13.07.22 14:02:39,26.28,106.27,113.69,96,96.1,113.7,107.93,119.17,111.79,133.54,83.04,74.19,129.5,76.51,134.91,89.02,116.81,105.89,81.55,110.79,109.87,94.55,108.31,91.63,122.44,,30.5,965,37,31.8,965D6-(E1);
13.07.22 14:02:54,26.53,91.31,84.89,85.73,123.97,87.63,95.51,130.79,99.96,106.04,91.7,44.74,87.13,88.61,116.68,81.63,116.81,96.29,94.04,109.31,121.27,96.03,105.55,84.4,94.13,,30.5,965,37,31.82,965D6-(E1);
13.07.22 14:03:09,26.78,120.69,93.11,84.12,95.7,103.12,96.56,112.91,112.5,108.14,86.42,61.18,116.86,87.87,111.08,82.22,111.08,94.21,90.87,105.66,104.27,102.15,99.97,82.9,98.01,,30.5,965,37,31.82,965D6-(E1);
13.07.22 14:03:24,27.03,118.61,83.88,100.07,93.99,99.41,104.81,116.41,105.74,101.24,69.29,55.14,118.88,99.62,116.68,99.03,128.32,92.27,82.35,99.77,108.22,98.33,103.9,77.6,103.23,,30.5,965,37,31.83,965D6-(E1);
13.07.22 14:03:39,27.28,121.74,88.33,91.85,113.33,101.05,98.53,105.75,114.21,108.79,88.78,56.04,106.13,97.82,108.7,99.66,107.32,106.71,84.22,145.28,94.85,110.1,101.59,77.48,96.13,,30.5,965,37,31.86,965D6-(E1);
13.07.22 14:03:54,27.53,119.65,85.01,99.78,104.17,103.4,100.65,116.87,101.6,105.56,96.81,72.62,118.73,100.66,131.35,107.09,121.15,93.82,87.87,130.13,103.06,108.4,121.08,90.22,99.78,,30.5,965,37,31.86,965D6-(E1);
13.07.22 14:04:09,27.78,103.16,86.92,101.2,105.54,98.05,107.25,110.21,102.56,86.6,66.23,52.55,96.2,103.01,138.68,78.71,111.22,85.64,85.03,100.06,115.86,94.29,107.48,79.19,98.14,,30.5,965,37,31.86,965D6-(E1);
13.07.22 14:04:24,28.03,111.43,84.38,78.82,96.77,103.68,102.65,124.61,114.79,101.56,63.44,44.85,118.88,80.32,107.45,93.3,137.4,97.08,96.27,113.9,110.56,107.7,106.93,83.4,108.68,,30.5,965,37,31.88,965D6-(E1);
13.07.22 14:04:39,28.28,125.36,82.12,77.25,89.42,85.93,83.51,96.44,92.43,66.91,77.91,46.92,89.07,82.01,121.55,71.04,102.18,94.73,82.89,83.44,92.64,75.17,98.09,71.57,78.04,,30.5,965,37,31.86,965D6-(E1);
13.07.22 14:04:54,28.53,114.78,78.39,90.75,102.27,116.58,94.99,98.31,105.74,100.28,83.68,57.74,129.35,93.62,129.84,81.04,99.93,94.08,91.97,132.18,108.49,101.19,102,86.28,93.89,,30.5,965,37,31.89,965D6-(E1);
13.07.22 14:05:09,28.78,124.6,91.94,117.66,99.17,108.15,104.13,101.5,116.23,103.31,80.97,51.55,110.74,109.37,145.11,110.36,136.93,109.3,94.46,123.29,90.19,105.19,122.39,77.97,114.26,,30.5,965,37,31.88,965D6-(E1);
13.07.22 14:05:24,29.03,100.91,91.55,116.62,132.74,115.28,101.18,132.87,136.71,118.85,84.59,55.25,124.58,90.6,128,102.83,138.36,126.59,83.69,116.3,154.47,131.21,98.09,84.9,129.89,,30.5,965,37,31.89,965D6-(E1);
13.07.22 14:05:39,29.28,108.98,83.5,84.52,97.83,105.34,101.85,110.36,131.04,104.91,91.97,59.11,121.79,86.76,129.67,97.9,118.15,99.32,85.3,102.49,112.78,96.57,106.79,87.54,106.46,,30.5,965,37,31.9,965D6-(E1);
13.07.22 14:05:54,29.53,112.3,95.86,120.98,112.63,105.21,114.01,130.63,102.01,116.85,89.97,63.5,103.24,82.61,131.86,101.18,129.09,99.99,88.96,106.25,105.63,95.22,117.76,79.31,103.35,,30.5,965,37,31.9,965D6-(E1);
13.07.22 14:06:09,29.78,98,88.33,86,98.23,105.07,105.08,107.97,120.15,100.76,85.37,57.51,117.43,97.95,139.72,81.98,108.47,104.4,95.71,106.1,97.47,116.67,102,81.9,102.97,,30.5,965,37,31.9,965D6-(E1);
13.07.22 14:06:24,30.03,122.34,88.07,106.92,124.55,118.62,115.41,125.71,133.48,119.86,87.07,68.32,117.14,110.85,141.45,120.3,129.4,90.72,97.81,88.88,117.41,113.8,118.48,89.71,112.92,,30.5,965,37,31.91,965D6-(E1);
13.07.22 14:06:39,30.28,86.62,88.71,92.4,101.46,103.26,93.04,109.01,112.07,96.81,76.9,44.96,103.1,98.46,119.92,84.58,104.6,78.44,80.23,98.5,105.08,106.58,116.76,81.04,89.22,,30.5,965,37,31.91,965D6-(E1);
13.07.22 14:06:54,30.53,120.09,90.39,114.24,97.16,108.57,95.64,103.1,99.96,110.91,94.92,36.94,117.72,75.1,116.84,85.3,102.47,126.59,87.87,103.78,124.74,128.04,112.36,85.78,109.21,,30.5,965,37,31.91,965D6-(E1);
13.07.22 14:07:09,30.78,91.17,57.48,81.06,61.3,94.4,80.16,70.25,77.7,114.03,80.85,48.12,112.86,95.77,98.77,100.8,105.02,84.76,83.15,96.1,99.98,82.51,80.48,62.31,94.51,,30.5,965,37,31.93,965D6-(E1);
13.07.22 14:07:24,31.03,119.2,98.51,102.62,117.59,100.5,114.43,111.56,122.95,115.03,96,52.33,139.91,98.08,128.84,80.57,129.71,95.12,85.57,143.96,119.26,111.94,117.48,88.81,102.58,,30.5,965,37,31.93,965D6-(E1);
13.07.22 14:07:39,31.28,120.39,86.28,100.35,93.86,100.37,98.79,130.47,122.06,84.32,78.67,49.56,114.56,116.02,139.89,89.75,109.63,97.48,92.66,109.76,117.27,108.4,91.09,76.5,104.77,,30.5,965,37,31.93,965D6-(E1);
13.07.22 14:07:54,31.53,94.15,69.63,80.66,93.99,82.05,82.88,97.59,94.03,85.23,73.5,35.79,117,72.41,106.66,88.42,96.86,80.53,79.44,84.25,102.52,81.87,89.92,58.87,99.53,,30.5,965,37,31.93,965D6-(E1);
13.07.22 14:08:09,31.78,102.31,85.78,79.34,96.5,91.86,101.72,107.97,96.3,98.39,85.89,49,99.15,85.53,109.49,76.51,109.48,89.83,72.14,114.2,100.25,103.11,94.24,78.7,96.63,,30.5,965,37,31.91,965D6-(E1);
13.07.22 14:08:24,32.03,110.13,98.38,106.35,103.63,107.16,86.4,105.45,128.46,126.12,87.73,61.3,93.41,89.61,111.39,89.75,128.32,101.05,92.8,110.34,110.7,109.67,102.68,80.79,108.16,,30.5,965,37,31.93,965D6-(E1);
13.07.22 14:08:39,32.28,98.14,77.65,89.8,101.05,91.06,105.35,99.18,95.9,100.6,82.13,48.34,93.14,82.01,95.72,92.31,112.54,90.85,77.59,94.55,106.17,93.75,110.26,65.78,102.84,,30.5,965,37,31.93,965D6-(E1);
13.07.22 14:08:54,32.53,119.94,99.85,106.78,124.7,107.45,127.47,117.33,116.23,107.01,82.78,53.45,114.99,106.7,135.25,99.28,127.55,121.09,93.35,110.2,119.41,110.52,115.48,93.05,117.23,,30.5,965,37,31.91,965D6-(E1);
13.07.22 14:09:09,32.78,111.86,88.2,104.76,113.33,103.95,114.01,111.86,103.39,144.16,91.17,52,112.01,103.53,137.82,99.91,136.45,98.13,95.99,113.6,128.4,108.55,106.93,74.57,114.93,,30.5,965,37,31.93,965D6-(E1);
13.07.22 14:09:24,33.03,105.13,93.89,76.72,86.08,102.15,87.91,101.93,118.26,99.49,82,42.9,120.77,110.31,120.74,86.61,95.06,103.33,90.18,79.69,93.03,103.53,89.66,66.95,95.25,,30.5,965,37,31.93,965D6-(E1);
13.07.22 14:09:39,33.28,103.3,90.26,93.78,93.99,109.7,98.27,99.03,119.27,98.7,68.06,42.9,102.96,88.74,113.63,82.45,107.03,93.3,80.1,95.4,112.36,91.76,109.28,75.65,101.69,,30.5,965,37,31.93,965D6-(E1);
13.07.22 14:09:54,33.53,115.07,89.48,103.19,119.6,110.7,107.25,103.25,124.87,125.1,75.51,56.15,114.14,95.9,132.88,94.41,118,110.13,91.69,134.41,114.88,108.83,109,81.04,108.42,,30.5,965,37,31.91,965D6-(E1);
13.07.22 14:10:09,33.78,114.34,93.76,96.42,113.33,102.71,104.13,118.86,94.56,102.83,92.9,53.11,117.14,105.51,115.07,108.66,133.45,100.92,82.62,103.21,108.63,107.14,106.1,76.14,105.55,,30.5,965,37,31.91,965D6-(E1);
13.07.22 14:10:24,34.03,109.56,80.99,95.02,98.1,106.46,98.93,107.67,116.66,100.13,75.64,47.9,89.72,100.92,118.62,87.09,120.25,95.38,71.88,89.98,104.27,95.22,119.64,79.19,109.47,,30.5,965,37,31.93,965D6-(E1);
13.07.22 14:10:39,34.28,111.58,85.01,88.84,92.55,92.92,97.87,108.56,104.08,109.28,75.01,50.55,107.66,86.64,112.51,82.33,113.71,104.67,78.51,116.3,106.85,92.29,94.64,80.67,106.98,,30.5,965,37,31.93,965D6-(E1);
13.07.22 14:10:54,34.53,114.78,103.48,131.3,110.66,105.34,113.6,113.37,128.92,101.08,78.42,51.55,121.5,87.01,130.68,94.9,112.69,105.21,107.37,127.31,115.44,117.98,121.23,101.58,128.61,,30.5,965,37,31.91,965D6-(E1);
13.07.22 14:11:09,34.78,105.7,82.74,99.36,116.59,102.98,107.11,93.03,123.24,106.04,84.07,36.63,111.44,100.92,130.01,74.1,105.74,96.95,103.05,129.97,124.88,121.19,93.98,78.09,101.94,,30.5,965,37,31.91,965D6-(E1);
13.07.22 14:11:24,35.03,108.84,88.45,89.8,102.27,99.96,100.25,106.19,104.77,102.83,75.13,40.87,103.78,85.53,110.28,84.47,108.47,93.56,79.04,90.67,101.72,100.1,99.7,69.9,95.75,,30.5,965,37,31.9,965C3-(E1);
13.07.22 14:11:39,35.28,108.69,88.33,89.39,102.27,99.68,100.38,105.75,104.49,102.99,75.01,40.76,103.51,85.53,110.13,85.18,108.47,93.56,78.91,90.39,101.45,99.96,99.7,69.66,95.88,,30.5,965,37,31.86,965C3-(E1);
13.07.22 14:11:54,35.53,108.41,87.81,89.25,102.27,99.41,100.38,105.45,104.36,102.51,74.25,40.33,103.24,85.29,109.97,84.7,108.18,93.43,78.65,89.98,101.32,99.69,99.57,69.07,95.63,,30.5,965,37,31.83,965C3-(E1);
13.07.22 14:12:09,35.78,108.26,87.56,89.11,101.86,99.27,100.52,105.45,104.08,102.19,73.5,40.01,103.1,85.17,109.18,83.99,108.18,93.43,78.12,89.7,101.32,99.96,99.3,68.6,95.38,,30.5,965,37,31.79,965C3-(E1);
13.07.22 14:12:24,36.03,107.98,87.05,89.11,102,99.27,100.38,105.3,104.36,102.51,73.38,40.01,103.24,85.05,109.02,83.52,108.18,93.43,78.38,89.56,101.05,100.23,99.7,68.36,95.13,,30.5,965,37,31.75,965C3-(E1);
13.07.22 14:12:39,36.28,107.84,86.92,88.84,101.59,99,99.99,104.86,103.94,101.71,73,39.8,103.24,84.92,108.7,83.52,107.89,93.43,78.12,89.15,101.05,100.23,99.43,67.89,95.13,,30.5,965,37,31.71,965C3-(E1);
13.07.22 14:12:54,36.53,107.55,86.79,88.3,101.46,98.59,99.59,104.42,103.8,101.87,72.38,39.59,102.96,84.68,108.23,82.45,107.75,93.04,77.73,88.6,100.65,99.96,99.43,67.66,94.88,,30.5,965,37,31.68,965C3-(E1);
13.07.22 14:13:09,36.78,107.41,86.67,88.57,101.73,98.45,99.06,104.27,103.8,101.56,72.01,39.27,102.83,84.31,107.92,82.57,107.6,93.04,77.46,88.19,100.65,100.1,99.43,66.95,95,,30.5,965,37,31.65,965C3-(E1);
13.07.22 14:13:24,37.03,107.26,86.54,88.43,101.46,98.59,99.32,103.83,103.8,101.56,71.51,39.27,102.55,84.44,107.45,82.33,107.46,92.91,77.46,87.92,100.25,99.96,99.03,66.72,94.88,,30.5,965,37,31.63,965C3-(E1);
13.07.22 14:13:39,37.28,107.26,86.41,88.3,101.46,98.59,98.66,103.83,103.53,101.24,71.76,38.84,102.28,83.95,106.82,82.1,107.32,92.65,77.33,87.51,100.25,99.82,99.17,66.25,94.51,,30.5,965,37,31.61,965C3-(E1);
13.07.22 14:13:54,37.53,107.26,86.03,88.3,101.19,98.05,98.27,103.83,103.53,101.24,72.26,38.84,102.41,83.83,106.51,81.51,107.17,92.78,77.07,87.23,100.25,100.1,99.03,65.67,94.63,,30.5,965,37,31.57,965C3-(E1);
13.07.22 14:14:09,37.78,107.12,85.78,87.89,101.05,97.09,98,103.39,103.11,100.92,72.01,38.53,102.28,83.58,106.04,81.51,106.88,92.27,76.94,86.69,100.12,99.82,99.03,64.97,94.51,,30.5,965,37,31.54,965C3-(E1);
13.07.22 14:14:24,38.03,107.41,85.65,88.16,101.32,97.09,97.34,103.39,103.66,101.08,72.38,38.63,102.14,83.7,105.72,81.51,107.17,92.27,77.2,86.28,100.25,100.23,99.3,64.74,94.63,,30.5,965,37,31.54,965C3-(E1);
13.07.22 14:14:39,38.28,106.98,85.27,87.62,100.92,97.09,96.43,102.81,102.84,100.44,72.01,38.21,102.01,83.46,105.26,80.69,106.74,91.88,76.68,85.87,99.85,99.69,99.03,64.27,94.26,,30.5,965,37,31.51,965C3-(E1);
13.07.22 14:14:54,38.53,106.55,85.27,87.49,100.78,96.96,95.9,102.81,102.84,100.28,72.01,38,101.87,83.46,104.63,80.69,106.45,91.88,76.55,85.47,99.72,99.82,98.76,63.92,94.26,,30.5,965,37,31.47,965C3-(E1);
13.07.22 14:15:09,38.78,106.41,84.63,87.62,100.65,96.82,94.99,102.66,103.11,100.44,72.13,38,101.87,83.58,104.32,80.22,106.6,91.88,76.29,85.2,99.59,99.96,98.76,63.81,94.26,,30.5,965,37,31.44,965C3-(E1);
13.07.22 14:15:24,39.03,106.13,84.51,87.22,100.24,96.55,94.47,102.37,102.84,100.13,72.26,37.68,101.73,83.58,104.32,79.75,106.31,91.49,76.29,84.79,99.72,99.69,98.76,63.69,94.01,,30.5,965,37,31.43,965C3-(E1);
13.07.22 14:15:39,39.28,105.98,84.76,87.35,100.38,96.15,94.08,102.08,102.7,99.81,72.13,37.47,101.73,83.58,104.17,79.29,106.6,91.49,76.03,84.52,99.59,99.82,98.76,63.58,94.13,,30.5,965,37,31.41,965C3-(E1);
13.07.22 14:15:54,39.53,105.98,84.76,87.35,100.38,96.15,93.95,102.08,102.7,99.81,71.51,37.36,102.01,83.58,104.17,79.17,106.45,91.49,76.03,84.65,99.59,99.96,98.9,63.23,94.26,,30.5,965,37,31.4,965C3-(E1);
13.07.22 14:16:09,39.78,105.56,84.51,87.08,100.51,95.61,94.08,102.08,102.56,99.65,71.14,37.15,101.6,83.34,103.7,78.71,106.45,91.11,75.76,84.11,99.45,99.69,98.76,63.11,93.89,,30.5,965,37,31.36,965C3-(E1);
13.07.22 14:16:24,40.03,104.99,83.75,87.08,100.38,95.74,93.56,101.79,102.56,99.49,71.01,36.94,101.6,83.58,103.7,78.24,106.31,90.85,75.76,84.11,99.59,99.82,98.76,62.08,93.89,,30.5,965,37,31.36,965C3-(E1);
13.07.22 14:16:39,40.28,104.42,83,86.54,100.51,95.34,92.65,101.5,102.42,99.18,70.77,36.63,101.19,83.34,103.23,77.55,106.02,90.47,75.11,83.57,99.19,99.69,98.63,61.85,93.76,,30.5,965,37,31.33,965C3-(E1);
13.07.22 14:16:54,40.53,104.42,82.87,86.67,100.24,95.61,92.39,101.35,102.29,99.18,70.4,36.52,101.32,83.1,102.92,77.43,106.02,90.21,75.11,83.3,99.19,99.55,98.76,61.62,93.64,,30.5,965,37,31.32,965C3-(E1);
13.07.22 14:17:09,40.78,104.28,82.49,86.54,100.11,95.47,92.14,101.35,102.01,99.18,70.52,36.31,101.32,82.85,102.92,77.32,106.17,89.95,74.98,82.77,99.32,99.69,98.76,61.39,93.89,,30.5,965,37,31.29,965C3-(E1);
13.07.22 14:17:24,41.03,104,82.37,86.27,100.11,95.47,91.24,101.06,102.29,98.54,70.77,36.1,101.05,82.61,102.77,76.97,105.6,89.95,74.72,82.1,99.06,99.55,98.49,61.04,93.51,,30.5,965,37,31.28,965C3-(E1);
13.07.22 14:17:39,41.28,104.14,82.24,86.54,99.97,96.01,91.24,101.2,102.29,98.39,71.14,36,101.19,82.37,102.61,76.74,106.02,89.95,74.72,81.56,99.19,99.69,98.63,61.04,93.64,,30.5,965,37,31.26,965C3-(E1);
13.07.22 14:17:54,41.53,104,81.99,86.27,99.84,96.15,91.11,100.91,102.15,98.39,70.89,35.79,100.92,82.13,102.46,77.32,105.88,89.95,74.59,81.02,99.19,99.82,98.76,60.36,93.51,,30.5,965,37,31.24,965C3-(E1);
13.07.22 14:18:09,41.78,104,82.12,86.14,99.84,96.15,90.85,101.06,102.29,98.23,70.89,35.47,100.92,81.65,101.84,77.43,105.88,89.83,74.59,80.62,98.92,99.69,98.63,60.47,93.51,,30.5,965,37,31.22,965C3-(E1);
13.07.22 14:18:24,42.03,104,81.24,86.14,99.97,95.2,90.08,100.77,101.87,98.07,70.77,35.37,100.92,80.8,101.84,76.74,105.6,89.31,74.34,80.22,99.06,99.69,98.63,59.67,93.51,,30.5,965,37,31.22,965C3-(E1);
13.07.22 14:18:39,42.28,103.86,81.12,85.73,99.57,94.93,89.31,100.33,102.01,97.76,70.52,35.16,100.64,80.44,101.38,76.51,105.45,88.93,74.21,79.82,99.06,99.41,98.36,59.9,93.14,,30.5,965,37,31.19,965C3-(E1);
13.07.22 14:18:54,42.53,103.86,81.24,85.6,99.84,94.67,88.93,100.48,101.74,97.76,70.77,34.85,100.92,80.56,101.22,76.51,105.6,89.06,73.95,79.29,99.19,99.41,98.49,60.01,93.27,,30.5,965,37,31.18,965C3-(E1);
13.07.22 14:19:09,42.78,103.02,80.87,85.46,99.57,94.13,88.3,100.04,101.6,97.13,70.27,34.64,100.51,80.08,100.92,76.05,105.31,88.42,73.56,78.89,98.66,99.41,98.23,58.87,93.39,,30.5,965,37,31.15,965C3-(E1);
13.07.22 14:19:24,43.03,103.16,80.62,85.6,99.7,94,88.42,99.75,101.74,97.44,69.78,34.43,100.64,80.2,100.76,76.05,105.45,88.17,73.56,78.89,98.66,99.28,98.49,58.65,93.02,,30.5,965,37,31.15,965C3-(E1);
13.07.22 14:19:39,43.28,102.73,80.74,85.06,99.57,93.73,88.04,99.32,101.33,97.13,69.53,34.01,100.51,80.08,100.46,75.82,105.17,87.91,73.3,78.23,98.26,99.28,98.09,58.19,93.14,,30.5,965,37,31.13,965C3-(E1);
13.07.22 14:19:54,43.53,102.88,80.74,85.33,99.44,92.92,87.79,99.18,101.6,96.81,69.53,33.81,100.37,79.72,100.61,75.13,105.17,87.66,72.91,78.23,98.53,99.28,98.23,57.96,92.65,,30.5,965,37,31.11,965C3-(E1);
13.07.22 14:20:09,43.78,102.59,81.37,85.06,99.7,93.33,87.41,98.89,101.74,96.81,69.29,33.81,100.64,79.84,100.61,75.36,105.31,87.53,73.04,78.36,98.66,99.28,98.36,58.42,93.02,,30.5,965,37,31.1,965C3-(E1);
13.07.22 14:20:24,44.03,102.59,80.62,84.93,99.3,92.92,86.14,99.03,101.46,96.66,69.04,33.6,100.51,79.84,100.15,75.25,105.02,87.28,72.65,78.1,98.53,99.41,98.36,57.74,92.9,,30.5,965,37,31.08,965C3-(E1);
13.07.22 14:20:39,44.28,102.31,80.37,84.93,99.17,93.06,85.89,98.89,101.19,96.19,68.67,33.29,100.24,80.08,99.84,75.25,105.02,87.28,72.65,77.57,98.39,99.28,98.23,57.4,93.02,,30.5,965,37,31.07,965C3-(E1);
13.07.22 14:20:54,44.53,102.03,79.87,84.79,99.3,92.52,85.89,98.45,101.46,96.03,68.67,33.29,100.24,79.48,99.23,75.25,104.88,86.9,72.53,77.18,98.39,99.14,97.96,57.06,92.9,,30.5,965,37,31.05,965C3-(E1);
13.07.22 14:21:09,44.78,102.31,79.25,84.66,99.44,92.39,86.27,98.31,101.46,95.87,68.55,32.87,100.24,79.36,99.53,75.13,105.02,86.4,72.4,76.91,98.53,99.01,98.23,56.16,92.9,,30.5,965,37,31.04,965C3-(E1);
13.07.22 14:21:24,45.03,101.89,78.63,84.26,99.17,92.39,86.65,98.02,101.33,95.72,68.55,32.66,100.1,79.13,99.23,74.67,104.88,85.89,72.01,76.25,97.87,99.14,98.23,55.71,92.77,,30.5,965,37,31.03,965C3-(E1);
13.07.22 14:21:39,45.28,101.89,78.39,84.26,99.03,92.12,86.52,97.73,101.33,95.72,68.3,32.56,100.24,79.48,98.92,74.33,105.02,85.64,71.88,76.25,98.39,99.01,98.23,55.37,92.65,,30.5,965,37,31.01,965C3-(E1);
13.07.22 14:21:54,45.53,101.75,78.14,84.39,99.17,92.92,86.02,97.59,101.19,95.72,68.3,32.46,100.1,79.24,99.07,74.67,104.88,85.26,71.63,75.73,98.39,99.01,98.09,55.15,92.65,,30.5,965,37,31.01,965C3-(E1);
13.07.22 14:22:09,45.78,101.61,77.89,84.26,98.77,92.92,85.51,97.73,101.19,95.25,67.94,32.15,100.1,79.13,98.62,74.22,104.74,85.01,71.5,75.33,98,99.01,97.96,54.92,92.65,,30.5,965,37,30.99,965C3-(E1);
13.07.22 14:22:24,46.03,101.47,77.77,83.99,99.17,91.73,84.51,97.3,101.05,95.25,67.81,31.84,99.83,78.89,97.85,74.22,104.6,84.88,71.37,75.2,98,99.01,97.96,54.59,92.53,,30.5,965,37,30.97,965C3-(E1);
13.07.22 14:22:39,46.28,101.33,77.28,83.99,99.03,91.46,84.13,97.16,101.19,95.09,67.94,31.84,100.1,78.77,98.16,73.65,104.6,84.38,71.37,75.07,98.13,98.87,98.23,54.48,92.53,,30.5,965,37,30.94,965C3-(E1);
13.07.22 14:22:54,46.53,101.47,77.15,84.12,98.9,91.46,84.13,96.87,101.05,94.93,67.45,31.53,100.1,79.13,97.85,73.42,104.74,84.13,71.24,74.81,97.87,99.01,97.96,54.59,92.53,,30.5,965,37,30.93,965C3-(E1);
13.07.22 14:23:09,46.78,101.33,76.91,83.72,98.5,91.46,84.76,96.73,100.78,94.93,67.45,31.42,99.83,78.77,97.85,73.99,104.6,84.13,70.98,74.55,98.13,98.87,97.96,54.36,92.53,,30.5,965,37,30.93,965C3-(E1);
13.07.22 14:23:24,47.03,101.47,76.54,83.85,99.17,91.73,84.38,96.73,101.05,94.62,67.32,31.22,99.97,78.29,97.7,73.53,104.6,83.88,70.98,74.55,97.73,99.01,98.09,54.25,92.4,,30.5,965,37,30.91,965C3-(E1);
13.07.22 14:23:39,47.28,101.33,76.42,83.45,98.77,91.19,83.88,96.3,101.19,94.47,67.08,31.01,99.97,78.17,96.94,72.74,104.74,83.51,70.73,74.42,97.87,99.01,97.96,54.14,92.53,,30.5,965,37,30.9,965C3-(E1);
13.07.22 14:23:54,47.53,101.05,76.42,83.59,98.63,91.33,83.01,96.16,101.05,94.31,67.08,30.91,99.97,78.05,97.24,72.4,104.6,83.38,70.73,74.42,98,99.14,97.96,53.69,92.53,,30.5,965,37,30.9,965C3-(E1);
13.07.22 14:24:09,47.78,100.91,76.17,83.32,98.63,91.19,82.76,95.87,100.92,94.15,66.83,30.7,99.7,77.82,96.79,72.06,104.31,83.26,70.47,74.03,97.6,98.73,97.69,53.81,92.28,,30.5,965,37,30.89,965C3-(E1);
13.07.22 14:24:24,48.03,100.64,76.29,83.05,98.5,90.66,82.39,95.87,100.64,94,66.59,30.29,99.42,77.34,96.48,72.06,104.17,83.01,70.22,73.77,97.87,98.87,97.83,53.36,92.4,,30.5,965,37,30.88,965C3-(E1);
13.07.22 14:24:39,48.28,100.5,76.05,83.19,98.77,90.53,81.76,95.58,100.64,93.69,66.47,30.19,99.56,76.98,96.94,71.95,104.31,82.76,70.09,73.25,97.6,98.87,97.69,52.92,92.16,,30.5,965,37,30.86,965C3-(E1);
13.07.22 14:24:54,48.53,100.22,75.44,83.05,98.23,90.53,81.64,95.44,100.78,93.69,66.35,30.09,99.56,76.87,96.63,71.83,104.6,82.76,69.96,72.73,97.73,98.87,97.83,52.36,92.28,,30.5,965,37,30.86,965C3-(E1);
13.07.22 14:25:09,48.78,100.36,75.31,82.79,98.77,90.8,81.39,95.16,100.64,93.69,66.35,29.88,99.56,76.75,96.33,72.06,104.31,82.63,69.83,72.34,97.73,98.6,97.83,52.14,92.53,,30.5,965,37,30.83,965C3-(E1);
13.07.22 14:25:24,49.03,100.22,75.56,82.52,98.5,90.66,81.39,95.01,100.51,93.38,65.86,29.68,99.56,76.39,95.88,71.27,104.31,82.39,69.58,72.08,97.6,98.87,97.69,51.92,92.28,,30.5,965,37,30.83,965C3-(E1);
13.07.22 14:25:39,49.28,100.22,75.44,82.92,98.37,90.8,81.27,95.16,100.64,93.22,65.86,29.47,99.7,77.34,96.33,71.16,104.31,82.39,69.83,72.47,97.73,98.87,97.83,52.25,92.28,,30.5,965,37,30.83,965C3-(E1);
13.07.22 14:25:54,49.53,99.94,74.46,82.65,98.37,90.53,81.02,95.16,100.78,93.07,65.74,29.27,99.56,77.34,95.72,70.59,104.17,82.39,69.45,71.69,97.6,98.6,97.56,51.81,92.28,,30.5,965,37,30.8,965C3-(E1);
13.07.22 14:26:09,49.78,99.66,74.46,82.39,98.5,90.4,80.53,94.59,100.51,92.91,65.37,28.76,99.42,76.98,95.27,71.27,104.17,82.26,69.19,71.17,97.6,98.6,97.56,51.47,92.16,,30.5,965,37,30.79,965C3-(E1);
13.07.22 14:26:24,50.03,99.38,74.1,82.65,98.37,90.27,79.66,94.59,100.64,92.91,65.13,29.07,99.56,76.75,95.12,70.26,104.31,81.89,69.19,70.91,97.6,98.87,97.56,51.36,91.91,,30.5,965,37,30.79,965C3-(E1);
13.07.22 14:26:39,50.28,99.11,73.73,82.39,98.1,90.53,79.05,94.3,100.51,92.44,64.89,28.66,99.42,76.51,94.21,70.26,104.03,81.89,68.94,70.01,97.34,98.6,97.69,50.81,92.03,,30.5,965,37,30.78,965C3-(E1);
13.07.22 14:26:54,50.53,98.97,73.61,82.25,98.37,89.87,78.8,93.88,100.23,92.6,64.89,28.56,99.29,76.16,94.21,70.59,104.17,81.64,68.69,69.62,97.47,98.6,97.56,50.81,92.03,,30.5,965,37,30.76,965C3-(E1);
13.07.22 14:27:09,50.78,98.83,73.25,82.12,97.96,90.27,79.05,93.88,100.51,92.29,65.01,28.25,99.42,75.92,94.21,70.15,104.03,81.02,68.56,69.37,97.21,98.6,97.56,51.03,91.91,,30.5,965,37,30.76,965C3-(E1);
13.07.22 14:27:24,51.03,98.69,73,81.86,98.1,90.53,78.8,93.88,100.23,92.44,64.77,28.25,99.02,76.04,94.06,69.36,104.17,80.9,68.56,69.11,97.6,98.73,97.69,50.59,92.16,,30.5,965,37,30.75,965C3-(E1);
13.07.22 14:27:39,51.28,98.41,72.64,81.46,98.1,89.47,77.82,92.74,100.1,91.82,64.28,27.94,98.88,75.45,93.46,68.91,103.74,80.9,68.05,68.6,97.21,98.33,97.56,50.48,91.67,,30.5,965,37,30.75,965C3-(E1);
13.07.22 14:27:54,51.53,98.27,72.52,81.72,98.1,89.47,77.7,92.88,99.96,91.98,64.28,27.84,99.15,75.33,93.16,68.47,103.6,81.27,68.18,68.21,97.08,98.33,97.43,50.04,91.91,,30.5,965,37,30.74,965C3-(E1);
13.07.22 14:28:09,51.78,98.14,72.64,81.46,97.7,89.08,76.85,92.6,99.82,91.82,64.04,27.44,99.02,74.98,93.16,68.25,103.17,80.65,67.8,67.83,96.81,98.46,97.56,49.49,91.42,,30.5,965,37,30.71,965C3-(E1);
13.07.22 14:28:24,52.03,98.14,72.64,81.59,97.56,89.74,76.85,92.32,99.69,91.67,63.8,27.54,98.75,75.33,93.31,68.36,102.89,80.28,67.92,67.57,96.68,98.46,97.56,49.49,91.3,,30.5,965,37,30.71,965C3-(E1);
13.07.22 14:28:39,52.28,98.14,72.52,81.46,97.56,88.68,77.34,92.32,99.55,91.67,63.56,27.34,98.21,75.45,93.01,68.02,102.89,80.4,67.8,67.57,96.42,98.46,97.43,49.49,90.81,,30.5,965,37,30.72,965C3-(E1);
13.07.22 14:28:54,52.53,98.14,72.4,81.59,97.16,88.95,77.09,92.74,99.82,91.52,63.68,27.34,98.48,74.98,92.71,68.13,102.89,80.65,67.8,67.7,96.55,98.73,97.43,49.27,90.93,,30.5,965,37,30.71,965C3-(E1);
13.07.22 14:29:09,52.78,98,72.16,81.46,97.43,88.68,76.85,92.18,99.42,91.36,63.44,27.03,98.21,74.74,92.41,67.91,102.61,80.28,67.42,67.32,96.29,98.33,97.16,49.05,90.68,,30.5,965,37,30.68,965C3-(E1);
13.07.22 14:29:24,53.03,97.72,72.16,81.19,97.16,88.29,76.73,92.18,99.69,91.05,63.32,26.83,98.08,75.1,91.36,68.02,102.61,80.16,67.29,66.43,96.16,98.46,97.56,48.94,90.68,,30.5,965,37,30.71,965C3-(E1);
13.07.22 14:29:39,53.28,97.86,72.4,81.33,97.56,88.68,76.85,92.32,99.42,91.36,63.44,26.83,98.61,74.63,91.81,68.13,102.75,80.4,67.42,66.3,96.42,98.6,97.69,48.73,90.81,,30.5,965,37,30.69,965C3-(E1);
13.07.22 14:29:54,53.53,97.72,72.52,81.33,97.56,88.42,76.97,92.18,99.42,91.05,64.04,26.73,98.34,74.51,91.66,68.02,102.61,80.28,67.16,65.92,96.29,98.6,97.56,48.29,90.68,,30.5,965,37,30.68,965C3-(E1);
13.07.22 14:30:09,53.78,97.45,72.16,81.06,97.03,88.16,76.48,91.75,99.42,90.74,63.8,26.22,97.94,74.63,90.76,67.58,102.75,79.91,66.78,65.41,96.16,98.46,97.29,47.63,90.56,,30.5,965,37,30.68,965C3-(E1);
13.07.22 14:30:24,54.03,97.72,72.28,80.93,97.16,88.29,76.97,91.61,99.55,90.9,63.68,26.32,98.08,74.63,90.91,67.25,102.61,80.03,66.66,65.29,96.29,98.73,97.56,47.53,90.68,,30.5,965,37,30.68,965C3-(E1);
13.07.22 14:30:39,54.28,97.31,72.16,80.8,97.03,88.16,76.85,91.19,99.28,90.59,63.44,26.22,98.21,74.63,90.61,66.8,102.75,79.79,66.53,64.78,96.29,98.6,97.29,47.85,90.68,,30.5,965,37,30.68,965C3-(E1);
13.07.22 14:30:54,54.53,97.31,72.04,80.93,97.3,88.16,76.97,91.47,99.42,90.74,62.96,26.12,98.21,74.51,90.61,67.13,102.75,79.79,66.78,64.91,96.29,98.73,97.56,47.31,90.44,,30.5,965,37,30.68,965C3-(E1);
13.07.22 14:31:09,54.78,97.03,71.92,80.93,97.03,88.82,77.46,91.19,99.28,90.59,62.84,25.72,97.94,74.39,89.57,67.02,102.61,79.66,66.28,64.65,96.02,98.6,97.43,46.87,90.68,,30.5,965,37,30.66,965C3-(E1);
13.07.22 14:31:24,55.03,97.03,71.8,80.66,97.16,88.16,78.07,91.33,99.28,90.28,62.48,25.72,97.94,74.27,89.42,66.47,102.61,79.42,66.28,64.15,96.16,98.6,97.43,46.87,90.56,,30.5,965,37,30.68,965C3-(E1);
13.07.22 14:31:39,55.28,96.89,72.28,80.66,97.03,87.9,77.7,91.19,99.28,90.28,62.24,25.62,98.21,74.16,89.57,66.47,102.61,79.29,66.03,64.15,95.89,98.46,97.43,46.66,90.44,,30.5,965,37,30.68,965C3-(E1);
13.07.22 14:31:54,55.53,96.89,72.16,80.8,97.43,88.16,77.58,91.05,99.28,90.28,62,25.42,98.21,73.69,89.12,66.14,102.47,79.66,66.03,63.77,96.29,98.73,97.43,46.44,90.68,,30.5,965,37,30.68,965C3-(E1);
13.07.22 14:32:09,55.78,96.62,72.04,80.4,96.9,87.76,76.97,91.19,99.42,89.82,61.64,25.21,97.94,73.81,88.53,66.58,102.75,79.42,65.9,63.52,96.29,98.6,97.56,46.22,90.56,,30.5,965,37,30.66,965C3-(E1);
13.07.22 14:32:24,56.03,96.48,71.67,80.4,97.3,87.9,76.85,91.05,99.28,89.97,61.28,25.01,97.94,73.34,88.38,65.7,102.61,79.05,65.52,63.39,96.29,98.46,97.16,46.22,90.68,,30.5,965,37,30.65,965C3-(E1);
13.07.22 14:32:39,56.28,96.76,71.8,80.53,97.43,88.29,77.09,91.33,99.42,89.82,61.16,25.11,98.08,73.69,88.53,65.92,102.61,78.93,65.78,63.27,96.42,98.73,97.83,45.79,90.81,,30.5,965,37,30.65,965C3-(E1);
13.07.22 14:32:54,56.53,96.62,71.31,80.4,97.16,88.03,76.24,91.19,99.28,89.66,61.16,24.91,98.21,72.99,88.08,65.15,102.61,78.56,65.52,63.14,96.42,98.73,97.43,45.79,90.56,,30.5,965,37,30.65,965C3-(E1);
13.07.22 14:33:09,56.78,96.34,71.31,80.4,97.03,87.5,76.24,91.19,99.28,89.51,60.68,24.71,98.08,72.41,87.49,64.71,102.61,78.07,65.4,62.14,96.02,98.33,97.43,45.68,90.68,,30.5,965,37,30.65,965C3-(E1);
13.07.22 14:33:24,57.03,96.89,71.31,80.27,97.03,87.63,75.75,91.05,99.14,89.36,60.56,24.51,97.94,72.29,87.79,64.82,102.89,77.82,65.15,61.51,96.16,98.46,97.16,45.47,90.68,,30.5,965,37,30.65,965C3-(E1);
13.07.22 14:33:39,57.28,97.03,71.31,80.14,97.16,87.5,75.51,90.91,99.28,89.2,60.8,24.41,98.08,72.29,87.64,64.16,102.61,77.95,65.15,61.14,96.29,98.6,97.29,45.25,90.68,,30.5,965,37,30.65,965C3-(E1);
13.07.22 14:33:54,57.53,96.89,70.95,80.14,97.03,87.76,75.27,91.19,99.14,89.2,60.68,24.21,98.21,72.06,87.34,64.27,102.89,77.7,65.02,60.64,96.42,98.46,97.43,44.71,90.81,,30.5,965,37,30.63,965C3-(E1);
13.07.22 14:34:09,57.78,96.34,70.71,79.87,96.77,87.63,75.03,91.05,99.28,88.74,60.56,23.91,98.08,71.83,87.49,63.83,102.47,77.34,64.9,61.01,96.02,98.33,97.43,44.5,90.68,,30.5,965,37,30.64,965C3-(E1);
13.07.22 14:34:24,58.03,96.48,71.43,79.74,97.03,87.37,75.27,90.91,99.01,88.44,60.2,23.81,97.94,71.71,87.05,63.83,102.61,77.09,64.52,60.51,96.02,98.33,97.43,44.39,90.56,,30.5,965,37,30.63,965C3-(E1);
13.07.22 14:34:39,58.28,96.62,71.8,79.61,96.9,87.24,74.66,90.77,99.01,88.59,60.68,23.61,97.81,71.25,86.61,63.61,102.47,76.97,64.52,59.77,96.02,98.33,97.43,43.96,90.44,,30.5,965,37,30.64,965C3-(E1);
13.07.22 14:34:54,58.53,96.21,71.55,79.48,97.16,87.37,73.34,91.05,99.01,88.59,59.97,23.51,97.81,71.36,86.61,63.61,102.61,77.09,64.52,60.14,96.02,98.33,97.29,44.07,90.56,,30.5,965,37,30.63,965C3-(E1);
13.07.22 14:35:09,58.78,96.07,71.19,79.48,97.16,87.37,72.5,90.91,99.14,88.59,59.97,23.11,97.94,71.36,86.31,63.61,102.61,76.97,64.27,59.77,95.89,98.33,97.43,43.74,90.56,,30.5,965,37,30.61,965C3-(E1);
13.07.22 14:35:24,59.03,95.8,70.83,79.34,97.03,87.11,72.26,90.63,98.87,88.13,60.08,23.01,97.81,71.25,85.28,63.29,102.47,76.48,64.02,58.9,95.76,98.33,97.03,43.42,90.44,,30.5,965,37,30.61,965C3-(E1);
13.07.22 14:35:39,59.28,95.93,70.71,79.48,97.16,87.11,72.5,90.77,99.28,88.13,59.49,22.91,98.08,71.48,86.46,63.18,102.61,76.73,64.14,58.77,96.29,98.46,97.29,43.31,90.56,,30.5,965,37,30.61,965C3-(E1);
13.07.22 14:35:54,59.53,95.11,69.99,79.34,97.03,87.11,72.26,90.63,98.87,87.98,59.02,22.61,97.94,71.01,85.72,63.07,102.61,76.73,63.89,57.91,96.02,98.46,97.29,43.1,90.44,,30.5,965,37,30.61,965C3-(E1);
13.07.22 14:36:09,59.78,95.11,69.99,79.34,97.16,87.24,72.14,91.05,99.01,88.13,58.78,22.61,98.08,70.9,85.28,62.74,102.61,76.36,63.77,57.66,96.29,98.6,97.56,42.89,90.68,,30.5,965,37,30.61,965C3-(E1);
13.07.22 14:36:24,60.03,94.7,69.87,78.95,96.9,87.37,72.26,91.19,99.01,87.67,58.78,22.21,97.94,71.01,85.13,63.18,102.61,76.36,63.52,57.29,96.16,98.46,97.16,42.46,90.56,,30.5,965,37,30.61,965C3-(E1);